Paciente,Data da avaliação,Peso (kg)
Ana Souza,15/07/2026,72.4
Bruno Lima,01/06/2026,88.1
Bruno Lima,20/07/2026,86.9
Carla Nunes,10/03/2026,64.2
Carla Nunes,12/04/2026,63.5
Carla Nunes,15/05/2026,62.8
Carla Nunes,25/06/2026,62.1
Diego Alves,05/01/2026,79.0
Diego Alves,06/02/2026,78.4
Diego Alves,10/03/2026,77.9
Diego Alves,12/04/2026,77.2
Diego Alves,15/05/2026,76.8
Diego Alves,20/06/2026,76.3
Diego Alves,15/07/2026,75.9
Diego Alves,01/08/2026,75.5
Eva Ramos,10/07/2026,68.0
Gisele Prado,20/06/2026,81.3
Isabel Oaiva,01/04/2026,70.5
Isabel Oaiva,05/05/2026,69.4
Isabel Oaiva,08/06/2026,68.7
Isabel Oaiva,05/07/2026,68.0
Laura Helena,22/09/2025,74.0
Laura Helena,28/10/2025,73.1
Laura Helena,03/12/2025,72.4
Laura Helena,10/01/2026,71.8
Laura Helena,16/02/2026,71.2
Laura Helena,25/03/2026,70.6
Laura Helena,30/04/2026,70.1
Laura Helena,06/07/2026,69.5
Natallia Barbosa,07/03/2026,66.2
Natallia Barbosa,12/04/2026,65.4
Natallia Barbosa,20/05/2026,64.9
Natallia Barbosa,20/07/2026,64.1
Ana Ferraz,20/07/2026,58.3
